OID_,FEATUREID,FMEAS,Distance,GIS_Key,lat_mean,lon_mean,LocationCl,flowDem,flowDetail,flowTrunca,nodeID,NodeLon,NodeLat
,"919,227",2.069480706420000,0.000070707923822,100-1,41.239722000000000,-78.612778000000006,Truncated Network,1.000000000000000,1.000000000000000,1.000000000000000,100-1,-78.613485294000000,41.239360662000003
,"902,508",1.787742565330000,0.000000000232831,102-2,41.375833000000000,-76.460832999999994,Truncated Network,1.000000000000000,1.000000000000000,1.000000000000000,102-2,-76.460834508000005,41.375834707000003
,"918,104",2.226786900010000,-0.000000003725290,106-1,41.231943999999999,-78.357777999999996,Truncated Network,1.000000000000000,1.000000000000000,1.000000000000000,106-1,-78.357685287999999,41.231931064000001
,"918,610",1.159791208330000,0.000000001317089,106-2,41.222771166699999,-78.378055916700006,Truncated Network,1.000000000000000,1.000000000000000,1.000000000000000,106-2,-78.377899069999998,41.222600811000000
,"919,073",2.516098766670000,0.000000001317089,107-1,41.245277999999999,-78.590833000000003,Truncated Network,1.000000000000000,1.000000000000000,1.000000000000000,107-1,-78.590804723999995,41.245292437000003
,"904,325",1.796000200000000,0.000000000000000,113-3,41.414721999999998,-77.041111000000001,Truncated Network,1.000000000000000,1.000000000000000,1.000000000000000,113-3,-77.041109770999995,41.414726504999997
,"915,207",1.296400000010000,0.000000000000000,115-1,41.222125200000001,-77.673319350000000,Truncated Network,1.000000000000000,1.000000000000000,1.000000000000000,115-1,-77.673469073000007,41.222174125000002
,"923,688",3.677669900010000,0.000000000000000,1176-1,40.953040000000001,-77.539429999999996,Truncated Network,1.000000000000000,1.000000000000000,1.000000000000000,1176-1,-77.539355006999997,40.953324238999997
,"923,877",2.171100000010000,-0.000000004165001,1200-1,41.088070000000002,-78.511409999999998,Truncated Network,1.000000000000000,1.000000000000000,1.000000000000000,1200-1,-78.511154571999995,41.088100662999999
,"914,273",0.448741859837000,0.000000000232831,121-1,41.233333000000002,-77.614999999999995,Truncated Network,1.000000000000000,1.000000000000000,1.000000000000000,121-1,-77.615016315000005,41.233351026999998
,"915,824",1.779172444000000,0.000070709240911,128-1,41.268332999999998,-78.105000000000004,Truncated Network,1.000000000000000,1.000000000000000,1.000000000000000,128-1,-78.104905063000004,41.268229308999999
,"915,019",3.787953133340000,-0.000000001317089,130-1,41.268056000000001,-77.950556000000006,Truncated Network,1.000000000000000,1.000000000000000,1.000000000000000,130-1,-77.950473087000006,41.267965125000003
,"916,741",0.839908499999000,0.000000000000000,131-1,41.290832999999999,-78.522778000000002,Truncated Network,1.000000000000000,1.000000000000000,1.000000000000000,131-1,-78.523097476000004,41.290877113000001
,"916,742",0.817494900002000,0.000000000000000,131-2,41.293332999999997,-78.515833000000001,Truncated Network,1.000000000000000,1.000000000000000,1.000000000000000,131-2,-78.515516022000000,41.293289215000001
,"897,409",2.923700000000000,-0.000000003725290,1336-1,41.551389000000000,-76.745277999999999,Truncated Network,1.000000000000000,1.000000000000000,1.000000000000000,1336-1,-76.745014005000002,41.551404364000000
,"898,005",1.344000000000000,0.000000003725290,1336-2,41.529583500000001,-76.726111500000002,Truncated Network,1.000000000000000,1.000000000000000,1.000000000000000,1336-2,-76.726552339999998,41.529988310999997
,"893,305",1.289099999990000,0.000000000000000,1339-1,41.818539000000001,-77.791393982800003,Truncated Network,1.000000000000000,1.000000000000000,1.000000000000000,1339-1,-77.791570245000003,41.818382925000002
,"895,109",0.525546607999000,-0.000000001164153,1339-3,41.750833000000000,-77.677778000000004,Truncated Network,1.000000000000000,1.000000000000000,1.000000000000000,1339-3,-77.677747179999997,41.750848312000002
,"912,683",4.099323272000000,0.000000000000000,134-2,41.321238688500003,-77.935591868900005,Truncated Network,1.000000000000000,1.000000000000000,1.000000000000000,134-2,-77.935663521999999,41.321202677999999
,"922,219",2.475023848000000,-0.000000001317089,1341-2,41.159166999999997,-78.599166999999994,Truncated Network,1.000000000000000,1.000000000000000,1.000000000000000,1341-2,-78.599045056999998,41.159035101999997
,"918,233",0.337299999999000,-0.000000001862645,135-4,41.244999999999997,-78.471204000000000,Truncated Network,1.000000000000000,1.000000000000000,1.000000000000000,135-4,-78.470455301000001,41.244640681000000
,"918,730",0.936864299996000,-0.000000003725290,137-1,41.218611000000003,-78.382221999999999,Truncated Network,1.000000000000000,1.000000000000000,1.000000000000000,137-1,-78.382330091000000,41.218626063000002
,"918,625",0.337299999999000,0.000000001862645,137-2,41.222499999999997,-78.406666999999999,Truncated Network,1.000000000000000,1.000000000000000,1.000000000000000,137-2,-78.406619008999996,41.222690407000002
,"939,507",2.416059300000000,0.000000000000000,1395-1,40.659166999999997,-78.600832999999994,Truncated Network,1.000000000000000,1.000000000000000,1.000000000000000,1395-1,-78.600680744000002,40.659145895999998
,"935,439",0.472864200002000,-0.000000001862645,1398-2,40.765555999999997,-78.591110999999998,Truncated Network,1.000000000000000,1.000000000000000,1.000000000000000,1398-2,-78.591087204000004,40.765652015999997
,"917,432",0.062309100006000,0.000000000000000,1412-1,41.113570000000003,-77.421099999999996,Truncated Network,1.000000000000000,1.000000000000000,1.000000000000000,1412-1,-77.421060659000005,41.113717821000002
,"917,432",1.506187222940000,-0.000070712533634,1412-2,41.122700000000002,-77.429190000000006,Truncated Network,1.000000000000000,1.000000000000000,1.000000000000000,1412-2,-77.429228468999995,41.122680836999997
,"909,609",0.049205645338500,-0.000000001317089,1438-1,41.362444099999998,-77.590416500000003,Truncated Network,1.000000000000000,1.000000000000000,1.000000000000000,1438-1,-77.590041882999998,41.362030658000002
,"913,024",5.204254600000000,-0.000000003725290,144-1,41.314999999999998,-77.948333000000005,Truncated Network,1.000000000000000,1.000000000000000,1.000000000000000,144-1,-77.948116329000001,41.314969083999998
,"902,069",0.403549700003000,-0.000000001862645,1471-2,41.551389000000000,-77.563056000000003,Truncated Network,1.000000000000000,1.000000000000000,1.000000000000000,1471-2,-77.563067329999996,41.551346338999998
,"910,809",0.575747999998000,0.000000000000000,1485-1,41.340949999999999,-77.653480000000002,Truncated Network,1.000000000000000,1.000000000000000,1.000000000000000,1485-1,-77.653453112999998,41.341052027000003
,"909,959",1.824853219000000,0.000000001490844,1496-1,41.330438263200001,-77.483552631600006,Truncated Network,1.000000000000000,1.000000000000000,1.000000000000000,1496-1,-77.482554735999997,41.330934581999998
,"909,987",0.499361800002000,-0.000000003725290,1498-2,41.389443999999997,-77.835278000000002,Truncated Network,1.000000000000000,1.000000000000000,1.000000000000000,1498-2,-77.835282221000000,41.389444605000001
,"911,286",0.278078463998000,-0.000000000232831,1498-3,41.352221999999998,-77.807221999999996,Truncated Network,1.000000000000000,1.000000000000000,1.000000000000000,1498-3,-77.807057286000003,41.352304504999999
,"908,656",0.795391200005000,0.000000000000000,1591-2,41.398364333300002,-77.604012555599994,Truncated Network,1.000000000000000,1.000000000000000,1.000000000000000,1591-2,-77.603845921000001,41.398340118999997
,"916,500",0.254710509330000,0.000000001317089,1627-1,41.236944000000001,-78.058055999999993,Truncated Network,1.000000000000000,1.000000000000000,1.000000000000000,1627-1,-78.057958963000004,41.236992956999998
,"916,648",1.047297117250000,0.000070709076275,1627-2,41.228332999999999,-78.038611000000003,Truncated Network,1.000000000000000,1.000000000000000,1.000000000000000,1627-2,-78.038628650999996,41.228324098000002
,"917,217",1.511499999990000,-0.000000001862645,1627-3,41.203055999999997,-77.994444000000001,Truncated Network,1.000000000000000,1.000000000000000,1.000000000000000,1627-3,-77.994247684000001,41.203343867000001
,"926,690",0.440822862502000,0.000070711875089,1638-1,40.929859999999998,-77.995840000000001,Truncated Network,1.000000000000000,1.000000000000000,1.000000000000000,1638-1,-77.995863138000004,40.929885448000000
,"926,423",0.047424027000300,-0.000000000658545,1638-2,40.942222000000001,-78.027500000000003,Truncated Network,1.000000000000000,1.000000000000000,1.000000000000000,1638-2,-78.027518862999997,40.942212452000000
,"919,589",1.922353600000000,0.000000000000000,1875-2,41.176110999999999,-78.267499999999998,Truncated Network,1.000000000000000,1.000000000000000,1.000000000000000,1875-2,-78.267531593000001,41.175986582000000
,"910,608",1.672841922670000,0.000000000000000,1891-1,41.319325238099999,-77.518921904799996,Truncated Network,1.000000000000000,1.000000000000000,1.000000000000000,1891-1,-77.518627905000002,41.319471604000000
,"917,311",1.993700000010000,-0.000000003725290,1910-1,41.178333000000002,-77.815832999999998,Truncated Network,1.000000000000000,1.000000000000000,1.000000000000000,1910-1,-77.815704663000005,41.178314516999997
,"899,588",0.888606200000000,0.000000000000000,1948-2,41.552778000000004,-77.148611000000002,Truncated Network,1.000000000000000,1.000000000000000,1.000000000000000,1948-2,-77.148625361000001,41.552725146999997
,"903,074",0.500201100001000,0.000000000000000,1954-2,41.560699272100003,-77.783348380999996,Truncated Network,1.000000000000000,1.000000000000000,1.000000000000000,1954-2,-77.783458183999997,41.560715033999998
,"903,975",1.401880200000000,0.000000000000000,1954-3,41.534402356699999,-77.788438134499998,Truncated Network,1.000000000000000,1.000000000000000,1.000000000000000,1954-3,-77.788155734000000,41.534361814999997
,"906,062",0.265161099995000,0.000000001862645,1954-4,41.498341095199997,-77.815824219000007,Truncated Network,1.000000000000000,1.000000000000000,1.000000000000000,1954-4,-77.815844225000006,41.498264644000002
,"906,062",2.035076800000000,0.000000000000000,1954-5,41.487222000000003,-77.822221999999996,Truncated Network,1.000000000000000,1.000000000000000,1.000000000000000,1954-5,-77.821906932999994,41.487176826000002
,"903,522",1.553262508000000,0.000070710064092,1966-2,41.608888999999998,-78.218333000000001,Truncated Network,1.000000000000000,1.000000000000000,1.000000000000000,1966-2,-78.218418947000004,41.608845694000003
,"896,735",0.014751499999200,-0.000000003725290,1969-1,41.548333000000000,-76.555555999999996,Truncated Network,1.000000000000000,1.000000000000000,1.000000000000000,1969-1,-76.555341679999998,41.548300097999999
,"897,674",3.526455849330000,0.000070710558000,1969-2,41.516388999999997,-76.584999999999994,Truncated Network,1.000000000000000,1.000000000000000,1.000000000000000,1969-2,-76.585068093000004,41.516355902000001
,"917,856",0.654235899995000,0.000000000000000,1972-1,41.209167000000001,-78.145555999999999,Truncated Network,1.000000000000000,1.000000000000000,1.000000000000000,1972-1,-78.145531825000006,41.209261497999996
,"918,380",0.302100000001000,-0.000000001862645,1972-2,41.191110999999999,-78.105556000000007,Truncated Network,1.000000000000000,1.000000000000000,1.000000000000000,1972-2,-78.105262237999995,41.191289841000000
,"918,998",0.798232800001000,0.000000000000000,1972-3,41.165556000000002,-78.075556000000006,Truncated Network,1.000000000000000,1.000000000000000,1.000000000000000,1972-3,-78.075495519000000,41.165791597999998
,"917,878",0.110637633338000,-0.000000000658545,1976-1,41.221944000000001,-78.096110999999993,Truncated Network,1.000000000000000,1.000000000000000,1.000000000000000,1976-1,-78.096245125999999,41.221876258000002
,"918,292",0.117384499999000,-0.000000001862645,1976-2,41.186667000000000,-78.059443999999999,Truncated Network,1.000000000000000,1.000000000000000,1.000000000000000,1976-2,-78.059435617999995,41.186699613000002
,"912,431",0.950120690671000,0.000000001490844,1977-1,41.181666999999997,-76.926666999999995,Truncated Network,1.000000000000000,1.000000000000000,1.000000000000000,1977-1,-76.926573129999994,41.181713189000000
,"921,569",0.490534099996000,0.000000000000000,2157-2,41.048333000000000,-77.768332999999998,Truncated Network,1.000000000000000,1.000000000000000,1.000000000000000,2157-2,-77.768322014999995,41.048375118000003
,"921,413",0.764599999995000,-0.000000004165001,2157-3,41.048504205100002,-77.734772461500000,Truncated Network,1.000000000000000,1.000000000000000,1.000000000000000,2157-3,-77.734357943000006,41.048643462000001
,"918,498",3.546783800000000,0.000000000000000,2158-1,41.041528000000000,-77.131528000000003,Truncated Network,1.000000000000000,1.000000000000000,1.000000000000000,2158-1,-77.131617008999996,41.041198502000000
,"919,308",0.409700000004000,0.000000004165001,2162-1,41.050234052599997,-77.330809473700000,Truncated Network,1.000000000000000,1.000000000000000,1.000000000000000,2162-1,-77.330562064000006,41.050354341000002
,"923,340",1.212102700000000,0.000000000000000,2165-3,41.089167000000003,-78.376943999999995,Truncated Network,1.000000000000000,1.000000000000000,1.000000000000000,2165-3,-78.376859084000003,41.089155142999999
,"935,391",2.392628200000000,0.000000003725290,2168-1,40.748594133300003,-78.373159066699998,Truncated Network,1.000000000000000,1.000000000000000,1.000000000000000,2168-1,-78.373348536999998,40.748620715000001
,"921,279",0.297741132000000,0.000070713192178,2173-1,41.103332999999999,-77.945832999999993,Truncated Network,1.000000000000000,1.000000000000000,1.000000000000000,2173-1,-77.945653535999995,41.103423474000003
,"919,995",2.510883012000000,0.000070709240911,2175-1,41.014975494500000,-77.193968351600006,Truncated Network,1.000000000000000,1.000000000000000,1.000000000000000,2175-1,-77.193878249999997,41.014874691000003
,"919,330",3.367610941660000,0.000000001041250,2175-2,41.026780941200002,-77.132058588199996,Truncated Network,1.000000000000000,1.000000000000000,1.000000000000000,2175-2,-77.132532183999999,41.027311456000000
,"919,138",0.315325900001000,0.000000000000000,2176-1,41.077221999999999,-77.487778000000006,Truncated Network,1.000000000000000,1.000000000000000,1.000000000000000,2176-1,-77.487758448999998,41.077219128999999
,"923,499",2.000354600000000,0.000000000000000,2177-2,41.095832999999999,-78.441389000000001,Truncated Network,1.000000000000000,1.000000000000000,1.000000000000000,2177-2,-78.441382563000005,41.095858632999999
,"919,048",1.584400476000000,0.000070709240911,2180-1,41.063156704100003,-77.379806030599994,Truncated Network,1.000000000000000,1.000000000000000,1.000000000000000,2180-1,-77.379701945999997,41.063040821999998
,"919,106",3.812002100000000,0.000000003725290,2180-2,41.078611000000002,-77.426944000000006,Truncated Network,1.000000000000000,1.000000000000000,1.000000000000000,2180-2,-77.426504015000006,41.078546158000002
,"918,645",0.002174800001000,0.000000000232831,2180-3,41.087252999999997,-77.469373000000004,Truncated Network,1.000000000000000,1.000000000000000,1.000000000000000,2180-3,-77.469323454999994,41.087245715999998
,"920,608",0.512100000007000,0.000000001862645,2188-1,41.087319800000003,-77.826455800000005,Truncated Network,1.000000000000000,1.000000000000000,1.000000000000000,2188-1,-77.827114492000007,41.087976830999999
,"916,651",3.600976909340000,0.000000001317089,2192-1,41.101666999999999,-77.123333000000002,Truncated Network,1.000000000000000,1.000000000000000,1.000000000000000,2192-1,-77.123362530999998,41.101700055000002
,"917,226",0.340291191669000,-0.000000001317089,2200-1,41.094166999999999,-77.234722000000005,Truncated Network,1.000000000000000,1.000000000000000,1.000000000000000,2200-1,-77.234642899999997,41.094206243000002
,"917,002",1.662309899990000,-0.000000001862645,2200-2,41.112872787199997,-77.241403464499996,Truncated Network,1.000000000000000,1.000000000000000,1.000000000000000,2200-2,-77.241423671000007,41.112797610000001
,"917,649",1.989471300010000,0.000000001862645,2205-1,41.104722000000002,-77.331389000000001,Truncated Network,1.000000000000000,1.000000000000000,1.000000000000000,2205-1,-77.331358139000002,41.104837400999997
,"934,676",0.517300000007000,-0.000000004165001,2217-2,40.784333199999999,-78.565777600000004,Truncated Network,1.000000000000000,1.000000000000000,1.000000000000000,2217-2,-78.566103630000001,40.783984863999997
,"936,587",3.063400000000000,0.000000002634178,2220-2,40.750833000000000,-78.572221999999996,Truncated Network,1.000000000000000,1.000000000000000,1.000000000000000,2220-2,-78.572162324000004,40.750768061999999
,"934,859",4.608537500000000,0.000000000000000,2237-1,40.776944000000000,-78.322778000000000,Truncated Network,1.000000000000000,1.000000000000000,1.000000000000000,2237-1,-78.322488043999996,40.776903216000001
,"935,469",0.595906800005000,0.000000001862645,2245-1,40.740833000000002,-78.396666999999994,Truncated Network,1.000000000000000,1.000000000000000,1.000000000000000,2245-1,-78.396687630000002,40.740750671999997
,"923,671",1.785118600000000,-0.000000001862645,2259-2,41.015833000000001,-77.928611000000004,Truncated Network,1.000000000000000,1.000000000000000,1.000000000000000,2259-2,-77.928553160000007,41.016056880000001
,"944,182",2.938875768550000,0.000000000000000,2298-1,40.554167000000000,-78.714167000000003,Truncated Network,1.000000000000000,1.000000000000000,1.000000000000000,2298-1,-78.714006037000004,40.553991942000003
,"941,694",2.468282711760000,-0.000070712862906,2299-2,40.589444000000000,-78.504444000000007,Truncated Network,1.000000000000000,1.000000000000000,1.000000000000000,2299-2,-78.504549420000004,40.589389808000000
,"938,983",3.933010300000000,-0.000000001862645,2303-1,40.670555999999998,-78.600555999999997,Truncated Network,1.000000000000000,1.000000000000000,1.000000000000000,2303-1,-78.600497498999999,40.670792480000003
,"931,319",0.731387439087000,0.000000000000000,2462-1,40.825000000000003,-78.108333000000002,Truncated Network,1.000000000000000,1.000000000000000,1.000000000000000,2462-1,-78.108105873000000,40.825115351999997
,"931,319",5.404096464000000,0.000000001317089,2462-2,40.808889000000001,-78.066666999999995,Truncated Network,1.000000000000000,1.000000000000000,1.000000000000000,2462-2,-78.066879714999999,40.808781046000000
,"935,364",0.146152999999000,-0.000000002634178,2486-1,40.803333000000002,-78.854445999999996,Truncated Network,1.000000000000000,1.000000000000000,1.000000000000000,2486-1,-78.854520929000003,40.803294287000000
,"929,909",1.433241999990000,0.000000000000000,2521-1,40.932499999999997,-78.651111000000000,Truncated Network,1.000000000000000,1.000000000000000,1.000000000000000,2521-1,-78.651112084000005,40.932495619000001
,"924,544",1.013568300000000,-0.000000001862645,2522-2,40.977778000000001,-77.863889000000000,Truncated Network,1.000000000000000,1.000000000000000,1.000000000000000,2522-2,-77.863873178000006,40.977839052000000
,"925,776",0.912859508001000,0.000070708253095,2522-4,40.945511040000000,-77.827733559999999,Truncated Network,1.000000000000000,1.000000000000000,1.000000000000000,2522-4,-77.827311971000000,40.945723454000003
,"930,824",0.029999999998800,0.000000004165001,2530-1,40.783820424200002,-77.797297212100005,Truncated Network,1.000000000000000,1.000000000000000,1.000000000000000,2530-1,-77.797890214000006,40.783576437000001
,"927,803",4.113130882660000,0.000000003132416,2530-3,40.882681123300003,-77.792886849300004,Truncated Network,1.000000000000000,1.000000000000000,1.000000000000000,2530-3,-77.793088003999998,40.882903519999999
,"929,469",0.294899999994000,0.000000003725290,2532-1,40.870832999999998,-78.118611000000001,Truncated Network,1.000000000000000,1.000000000000000,1.000000000000000,2532-1,-78.118389836000006,40.870768587999997
,"928,870",0.852573600002000,0.000000000000000,2532-2,40.891388999999997,-78.117778000000001,Truncated Network,1.000000000000000,1.000000000000000,1.000000000000000,2532-2,-78.117522837999999,40.891352738999998
,"906,225",0.577307199997000,0.000000000000000,2767-1,41.454166999999998,-77.633888999999996,Truncated Network,1.000000000000000,1.000000000000000,1.000000000000000,2767-1,-77.633694105000004,41.454138747000002
,"910,418",0.376164400006000,0.000000000000000,2767-3,41.353889000000002,-77.704166999999998,Truncated Network,1.000000000000000,1.000000000000000,1.000000000000000,2767-3,-77.703960565000003,41.353859151999998
,"903,887",1.427782944000000,-0.000000002634178,2770-2,41.405000000000001,-76.895832999999996,Truncated Network,1.000000000000000,1.000000000000000,1.000000000000000,2770-2,-76.895822945999996,41.404988734000000
,"908,419",0.544416700005000,0.000000001862645,2771-2,41.354579000000001,-77.346425499999995,Truncated Network,1.000000000000000,1.000000000000000,1.000000000000000,2771-2,-77.346489332999994,41.354340895000000
,"911,498",1.372786579670000,0.000000000658545,2804-2,41.378056000000001,-78.059441000000007,Truncated Network,1.000000000000000,1.000000000000000,1.000000000000000,2804-2,-78.059109587999998,41.378222897000001
,"905,275",0.359377941337000,-0.000000002146592,2812-1,41.489167000000002,-77.680278000000001,Truncated Network,1.000000000000000,1.000000000000000,1.000000000000000,2812-1,-77.680016769999995,41.489297235999999
,"906,352",1.356400000000000,0.000000003725290,2865-2,41.553333000000002,-78.359443999999996,Truncated Network,1.000000000000000,1.000000000000000,1.000000000000000,2865-2,-78.359375342999996,41.553432544000003
,"907,200",0.107726676497000,-0.000000001164153,2865-3,41.518889000000001,-78.256388999999999,Truncated Network,1.000000000000000,1.000000000000000,1.000000000000000,2865-3,-78.256431817000006,41.518867382000003
,"915,562",0.658658992001000,0.000000000000000,2869-2,41.322499999999998,-78.478333000000006,Truncated Network,1.000000000000000,1.000000000000000,1.000000000000000,2869-2,-78.478307129000001,41.322513162000000
,"922,827",0.482099999994000,-0.000000001862645,2902-2,40.980843846200003,-77.541829046199993,Truncated Network,1.000000000000000,1.000000000000000,1.000000000000000,2902-2,-77.541801609999993,40.980987804000002
,"922,713",2.378093800000000,-0.000000001862645,3190-2,40.922221999999998,-77.073333000000005,Truncated Network,1.000000000000000,1.000000000000000,1.000000000000000,3190-2,-77.073311853999996,40.922300155999999
,"919,009",0.397299999997000,0.000000004165001,3217-2,41.020555999999999,-77.086111000000002,Truncated Network,1.000000000000000,1.000000000000000,1.000000000000000,3217-2,-77.086142010000003,41.020709234999998
,"926,139",2.944546998660000,-0.000070709076275,3218-1,40.963889000000002,-77.985833000000000,Truncated Network,1.000000000000000,1.000000000000000,1.000000000000000,3218-1,-77.985838064999996,40.963886438999999
,"922,261",2.652800000000000,0.000000000000000,3252-1,41.010459551700002,-77.446293275900004,Truncated Network,1.000000000000000,1.000000000000000,1.000000000000000,3252-1,-77.446587581000003,41.011231780000003
,"908,633",0.905061599996000,-0.000000001862645,3263-2,41.411667000000001,-77.789167000000006,Truncated Network,1.000000000000000,1.000000000000000,1.000000000000000,3263-2,-77.789156410000004,41.411707458000002
,"916,306",2.973389500000000,0.000000000000000,3350-1,41.266666999999998,-78.106667000000002,Truncated Network,1.000000000000000,1.000000000000000,1.000000000000000,3350-1,-78.106497676000004,41.266643041999998
,"898,788",1.206400000000000,-0.000000004165001,3351-1,41.642778000000000,-77.585555999999997,Truncated Network,1.000000000000000,1.000000000000000,1.000000000000000,3351-1,-77.585196741999994,41.642798126999999
,"900,719",3.422500000000000,-0.000000004165001,3351-2,41.594296972899997,-77.628663189700006,Truncated Network,1.000000000000000,1.000000000000000,1.000000000000000,3351-2,-77.628264263999995,41.594675580000001
,"904,395",3.962100000000000,-0.000000003725290,3351-5,41.524721999999997,-77.740278000000004,Truncated Network,1.000000000000000,1.000000000000000,1.000000000000000,3351-5,-77.740826100999996,41.524893212000002
,"905,260",0.701265299997000,-0.000000003725290,3351-6,41.501111000000002,-77.770803701899993,Truncated Network,1.000000000000000,1.000000000000000,1.000000000000000,3351-6,-77.770686979000004,41.501094219000002
,"905,650",3.026210797330000,-0.000000000232831,3351-7,41.493889000000003,-77.798333000000000,Truncated Network,1.000000000000000,1.000000000000000,1.000000000000000,3351-7,-77.798331094999995,41.493886912000001
,"906,107",0.710710700003000,-0.000000003725290,3354-3,41.413055999999997,-77.322221999999996,Truncated Network,1.000000000000000,1.000000000000000,1.000000000000000,3354-3,-77.321664646000002,41.412973751000003
,"908,923",0.528920795833000,0.000070709899456,3354-6,41.342222000000000,-77.366944000000004,Truncated Network,1.000000000000000,1.000000000000000,1.000000000000000,3354-6,-77.366994543000004,41.342196932000000
,"913,516",0.022361278800500,-0.000000000839483,3355-1,41.281388999999997,-77.827222000000006,Truncated Network,1.000000000000000,1.000000000000000,1.000000000000000,3355-1,-77.826819724000003,41.281590778999998
,"916,487",0.139065499998000,0.000000003725290,3357-1,41.246667000000002,-78.153889000000007,Truncated Network,1.000000000000000,1.000000000000000,1.000000000000000,3357-1,-78.153857083000005,41.246662495000002
,"911,662",3.785922100010000,-0.000000001862645,3361-1,41.344444000000003,-77.856667000000002,Truncated Network,1.000000000000000,1.000000000000000,1.000000000000000,3361-1,-77.856604976000000,41.344682061000000
,"910,609",1.316304299990000,0.000000000000000,3363-1,41.325000000000003,-77.510833000000005,Truncated Network,1.000000000000000,1.000000000000000,1.000000000000000,3363-1,-77.510242327000000,41.324913635999998
,"902,819",0.137164000003000,-0.000000003725290,3364-2,41.615000000000002,-78.043610999999999,Truncated Network,1.000000000000000,1.000000000000000,1.000000000000000,3364-2,-78.043271773000001,41.614952049999999
,"927,453",0.506999999998000,0.000000003725290,3471-2,40.887777999999997,-77.840833000000003,Truncated Network,1.000000000000000,1.000000000000000,1.000000000000000,3471-2,-77.840665322999996,40.887721524000000
,"920,998",1.610404995840000,0.000070708417731,3472-2,40.982559302799999,-77.168776632999993,Truncated Network,1.000000000000000,1.000000000000000,1.000000000000000,3472-2,-77.168453880000001,40.982197845000002
,"920,737",3.251299300000000,-0.000000001862645,3472-3,40.987499999999997,-77.125833000000000,Truncated Network,1.000000000000000,1.000000000000000,1.000000000000000,3472-3,-77.125810764999997,40.987582341000000
,"895,118",1.271033550670000,-0.000070709899456,3486-1,41.774593658500002,-77.834437731700007,Truncated Network,1.000000000000000,1.000000000000000,1.000000000000000,3486-1,-77.834161813999998,41.774292471999999
,"894,305",0.225637499997000,0.000000000000000,3486-2,41.786841206200002,-77.796737814400004,Truncated Network,1.000000000000000,1.000000000000000,1.000000000000000,3486-2,-77.797254639000002,41.786915119000000
,"891,772",1.805673600000000,-0.000000003492460,3490-1,41.808056000000001,-77.406943999999996,Truncated Network,1.000000000000000,1.000000000000000,1.000000000000000,3490-1,-77.406655917999998,41.808013905999999
,"904,074",0.045529954084900,-0.000000000839483,3543-1,41.593888999999997,-78.190278000000006,Truncated Network,1.000000000000000,1.000000000000000,1.000000000000000,3543-1,-78.190225362000007,41.593831866000002
,"900,719",2.140625600000000,0.000000000000000,3545-3,41.602499999999999,-77.635278000000000,Truncated Network,1.000000000000000,1.000000000000000,1.000000000000000,3545-3,-77.635068074000003,41.602469630000002
,"899,036",1.054300000000000,-0.000000004165001,3546-2,41.706667000000003,-78.100278000000003,Truncated Network,1.000000000000000,1.000000000000000,1.000000000000000,3546-2,-78.100077365999994,41.706795937000003
,"900,337",1.218277600000000,0.000000000000000,3546-3,41.670648333300001,-78.087685333300001,Truncated Network,1.000000000000000,1.000000000000000,1.000000000000000,3546-3,-78.088321311000001,41.670737934999998
,"902,198",0.512100000007000,0.000000003725290,3546-4,41.623610999999997,-78.088888999999995,Truncated Network,1.000000000000000,1.000000000000000,1.000000000000000,3546-4,-78.088605496000000,41.623851029999997
,"899,851",1.048557300000000,0.000000000000000,3560-2,41.681389000000003,-78.034999999999997,Truncated Network,1.000000000000000,1.000000000000000,1.000000000000000,3560-2,-78.035296634999995,41.681430913000000
,"901,760",0.378148697395000,0.000070707923822,3565-2,41.641666999999998,-78.113056000000000,Truncated Network,1.000000000000000,1.000000000000000,1.000000000000000,3565-2,-78.112846216999998,41.641772406000001
,"897,962",1.947180177000000,-0.000000000465661,3567-1,41.716110999999998,-77.986943999999994,Truncated Network,1.000000000000000,1.000000000000000,1.000000000000000,3567-1,-77.986749203000002,41.716208502000001
,"899,422",0.141145499994000,0.000000000000000,3567-2,41.683610999999999,-77.987499999999997,Truncated Network,1.000000000000000,1.000000000000000,1.000000000000000,3567-2,-77.988135334999996,41.683701008000000
,"900,884",0.914176000000000,-0.000000003725290,3567-3,41.655555999999997,-77.991667000000007,Truncated Network,1.000000000000000,1.000000000000000,1.000000000000000,3567-3,-77.991745745000003,41.655567157000000
,"900,051",1.117197900000000,0.000000000000000,3571-2,41.653333000000003,-77.932221999999996,Truncated Network,1.000000000000000,1.000000000000000,1.000000000000000,3571-2,-77.932161761000003,41.653564256999999
,"895,978",0.336547299997000,0.000000001862645,3573-1,41.653689999999997,-77.183707999999996,Truncated Network,1.000000000000000,1.000000000000000,1.000000000000000,3573-1,-77.183723430000001,41.653633180999996
,"898,269",0.718251499998000,0.000000000000000,3576-3,41.689999999999998,-77.805000000000007,Truncated Network,1.000000000000000,1.000000000000000,1.000000000000000,3576-3,-77.804922648000002,41.690294678999997
,"896,492",1.109100000000000,0.000000000000000,3578-1,41.739443999999999,-77.839167000000003,Truncated Network,1.000000000000000,1.000000000000000,1.000000000000000,3578-1,-77.838905686999993,41.739664777000002
,"896,626",0.464713378670000,0.000000001490844,3578-2,41.728444326899996,-77.809586878199994,Truncated Network,1.000000000000000,1.000000000000000,1.000000000000000,3578-2,-77.809468076000002,41.728503543000002
,"897,093",0.566043900001000,-0.000000001862645,3578-3,41.712778000000000,-77.745555999999993,Truncated Network,1.000000000000000,1.000000000000000,1.000000000000000,3578-3,-77.745520403000000,41.712913116000003
,"896,569",0.831800000000000,0.000000004165001,3583-2,41.716040166699997,-77.686765588900002,Truncated Network,1.000000000000000,1.000000000000000,1.000000000000000,3583-2,-77.686989040000000,41.716514400000001
,"894,731",0.400014942662000,0.000070707923822,3585-1,41.775832999999999,-77.642499999999998,Truncated Network,1.000000000000000,1.000000000000000,1.000000000000000,3585-1,-77.642364958000002,41.775900014000001
,"897,189",0.535476200006000,0.000000003725290,3586-1,41.674722000000003,-77.536389000000000,Truncated Network,1.000000000000000,1.000000000000000,1.000000000000000,3586-1,-77.536392675000002,41.674722533999997
,"895,952",0.353479285331000,0.000000001317089,3586-2,41.713154064500003,-77.567885225799998,Truncated Network,1.000000000000000,1.000000000000000,1.000000000000000,3586-2,-77.567961615000002,41.713238025000003
,"895,357",2.675275058890000,0.000000000000000,3589-1,41.734166999999999,-77.502499999999998,Truncated Network,1.000000000000000,1.000000000000000,1.000000000000000,3589-1,-77.502552252000001,41.734224500000003
,"891,852",0.254950500004000,-0.000000003725290,3590-1,41.823056000000001,-77.572778000000000,Truncated Network,1.000000000000000,1.000000000000000,1.000000000000000,3590-1,-77.572433511000000,41.823006134000003
,"892,542",0.027534799998600,0.000000000000000,3595-1,41.781944000000003,-77.433333000000005,Truncated Network,1.000000000000000,1.000000000000000,1.000000000000000,3595-1,-77.433337421000004,41.781927523999997
,"892,619",1.782396200000000,-0.000000003725290,3596-1,41.784999999999997,-77.402221999999995,Truncated Network,1.000000000000000,1.000000000000000,1.000000000000000,3596-1,-77.402097100999995,41.784981739999999
,"892,274",0.472712611994000,0.000070709076275,3600-1,41.801667000000002,-77.454443999999995,Truncated Network,1.000000000000000,1.000000000000000,1.000000000000000,3600-1,-77.454154480000000,41.801810011000001
,"899,460",0.072400000004600,-0.000000001862645,3612-1,41.623777799999999,-77.516416599999999,Truncated Network,1.000000000000000,1.000000000000000,1.000000000000000,3612-1,-77.517167924999995,41.623351956000000
,"901,174",0.038466199999500,-0.000000003725290,3612-2,41.564693403000000,-77.465832973999994,Truncated Network,1.000000000000000,1.000000000000000,1.000000000000000,3612-2,-77.465925576000004,41.564706932999997
,"905,409",0.458395799994000,0.000000000232831,3613-2,41.569167000000000,-78.286666999999994,Truncated Network,1.000000000000000,1.000000000000000,1.000000000000000,3613-2,-78.286779863999996,41.569182742000002
,"902,575",0.100437999996000,0.000000000000000,3614-3,41.586110304300000,-77.900654355100002,Truncated Network,1.000000000000000,1.000000000000000,1.000000000000000,3614-3,-77.900495762999995,41.586087695000003
,"903,680",0.566719383602000,0.000000000000000,3614-4,41.565277999999999,-77.934167000000002,Truncated Network,1.000000000000000,1.000000000000000,1.000000000000000,3614-4,-77.934011095000002,41.565107732999998
,"907,745",0.346160099999000,0.000000000000000,3616-2,41.512222000000001,-78.333611000000005,Truncated Network,1.000000000000000,1.000000000000000,1.000000000000000,3616-2,-78.333613619999994,41.512211688000001
,"906,342",1.216215199990000,0.000000000000000,3617-1,41.546388999999998,-78.317222000000001,Truncated Network,1.000000000000000,1.000000000000000,1.000000000000000,3617-1,-78.317289607999996,41.546398416000002
,"902,018",0.277300000002000,-0.000000003725290,3623-2,41.554443999999997,-77.552222000000000,Truncated Network,1.000000000000000,1.000000000000000,1.000000000000000,3623-2,-77.552214953999993,41.554139435000003
,"895,977",0.242374700004000,0.000000000000000,3628-2,41.658839999999998,-77.194571999999994,Truncated Network,1.000000000000000,1.000000000000000,1.000000000000000,3628-2,-77.194325554000002,41.658803495999997
,"896,495",1.199408200000000,-0.000000003725290,3628-3,41.648259606099998,-77.202838272700006,Truncated Network,1.000000000000000,1.000000000000000,1.000000000000000,3628-3,-77.203809081000003,41.648403354000003
,"905,825",0.780327029167000,0.000070709240911,3632-2,41.572778000000000,-78.382499999999993,Truncated Network,1.000000000000000,1.000000000000000,1.000000000000000,3632-2,-78.382105765999995,41.572977475999998
,"901,369",2.055726100000000,-0.000000003725290,3653-1,41.594721999999997,-77.652777999999998,Truncated Network,1.000000000000000,1.000000000000000,1.000000000000000,3653-1,-77.652640246000004,41.594702089000002
,"927,717",0.405031400002000,0.000000000000000,3932-1,40.867950030800003,-77.759350107700001,Truncated Network,1.000000000000000,1.000000000000000,1.000000000000000,3932-1,-77.758811656000006,40.867871915000002
,"944,466",0.793775164996000,-0.000000000658545,4028-1,40.530833000000001,-78.678055999999998,Truncated Network,1.000000000000000,1.000000000000000,1.000000000000000,4028-1,-78.677831010000006,40.530949202000002
,"931,756",0.287940594662000,0.000000000000000,4032-1,40.869888799999998,-78.601333600000004,Truncated Network,1.000000000000000,1.000000000000000,1.000000000000000,4032-1,-78.601271612000005,40.869821496999997
,"931,829",0.854382700000000,0.000000000000000,4035-1,40.868611000000001,-78.573888999999994,Truncated Network,1.000000000000000,1.000000000000000,1.000000000000000,4035-1,-78.573550320999999,40.868564112000001
,"928,054",0.226130115220000,-0.000000001041250,4036-1,40.896110999999998,-78.021666999999994,Truncated Network,1.000000000000000,1.000000000000000,1.000000000000000,4036-1,-78.021879298000002,40.896344458999998
,"930,847",0.547300000006000,0.000000004165001,4041-1,40.845278000000000,-78.209843937499997,Truncated Network,1.000000000000000,1.000000000000000,1.000000000000000,4041-1,-78.210600497000001,40.845668379999999
,"929,320",0.456373100001000,0.000000000000000,4041-2,40.888058000000001,-78.203056000000004,Truncated Network,1.000000000000000,1.000000000000000,1.000000000000000,4041-2,-78.203127651000003,40.888068132999997
,"928,956",0.032656699998500,0.000000000000000,4042-1,40.969444000000003,-78.737499999999997,Truncated Network,1.000000000000000,1.000000000000000,1.000000000000000,4042-1,-78.737392822000004,40.969429323999996
,"908,095",1.610829599990000,0.000000000000000,4155-1,41.446944000000002,-77.932777999999999,Truncated Network,1.000000000000000,1.000000000000000,1.000000000000000,4155-1,-77.932829540000000,41.446745593000003
,"902,103",1.257000000000000,0.000000001862645,4159-1,41.443333000000003,-76.789721999999998,Truncated Network,1.000000000000000,1.000000000000000,1.000000000000000,4159-1,-76.789766417999999,41.443279922999999
,"906,879",0.331533550673000,0.000070709734820,4162-2,41.455832999999998,-77.715556000000007,Truncated Network,1.000000000000000,1.000000000000000,1.000000000000000,4162-2,-77.715382787999999,41.455919463000001
,"901,298",1.802326942660000,0.000070709899456,4163-2,41.458849392899999,-76.727847392900003,Truncated Network,1.000000000000000,1.000000000000000,1.000000000000000,4163-2,-76.728118015000007,41.458717319999998
,"908,096",0.342199058670000,0.000000000465661,4164-1,41.453482083300003,-77.930278000000001,Truncated Network,1.000000000000000,1.000000000000000,1.000000000000000,4164-1,-77.930032812999997,41.453605074999999
,"905,925",0.026128800000000,0.000000000000000,4165-1,41.501944000000002,-77.864166999999995,Truncated Network,1.000000000000000,1.000000000000000,1.000000000000000,4165-1,-77.863789296999997,41.501889984000002
,"906,876",1.219950500000000,-0.000000001862645,4165-2,41.471111000000001,-77.876943999999995,Truncated Network,1.000000000000000,1.000000000000000,1.000000000000000,4165-2,-77.876909089999998,41.471244921999997
,"907,687",3.225800000000000,-0.000000001862645,4165-3,41.448332999999998,-77.872221999999994,Truncated Network,1.000000000000000,1.000000000000000,1.000000000000000,4165-3,-77.872189278999997,41.448458530000003
,"900,210",0.282260300001000,0.000000003725290,4171-2,41.443939000000000,-76.529899999999998,Truncated Network,1.000000000000000,1.000000000000000,1.000000000000000,4171-2,-76.529532474000007,41.443882422999998
,"900,877",3.275174568000000,-0.000000001317089,4173-2,41.447559365899998,-76.519755365899996,Truncated Network,1.000000000000000,1.000000000000000,1.000000000000000,4173-2,-76.519579045000000,41.447645020000003
,"904,255",0.039984399997000,-0.000000003725290,4175-1,41.448889000000001,-77.236110999999994,Truncated Network,1.000000000000000,1.000000000000000,1.000000000000000,4175-1,-77.236009952000003,41.448874025000002
,"899,025",0.256865800003000,0.000000000000000,4176-2,41.464193000000002,-76.434301000000005,Truncated Network,1.000000000000000,1.000000000000000,1.000000000000000,4176-2,-76.434371743000000,41.464203941999997
,"907,749",4.034771128000000,0.000000002475024,4177-1,41.461111000000002,-77.944166999999993,Truncated Network,1.000000000000000,1.000000000000000,1.000000000000000,4177-1,-77.944030451000003,41.460961699999999
,"900,910",4.323045968000000,0.000000003461276,4185-2,41.460833000000001,-76.590000000000003,Truncated Network,1.000000000000000,1.000000000000000,1.000000000000000,4185-2,-76.589995630999994,41.460828073999998
,"900,207",1.562456373330000,0.000000001975634,4191-2,41.495612081600001,-76.858775755099998,Truncated Network,1.000000000000000,1.000000000000000,1.000000000000000,4191-2,-76.858633714000007,41.495452964999998
,"901,834",0.103619599998000,0.000000000000000,4193-1,41.495832999999998,-77.151111000000000,Truncated Network,1.000000000000000,1.000000000000000,1.000000000000000,4193-1,-77.151079822000000,41.495947846000000
,"911,676",2.658147600000000,-0.000000003725290,4250-1,41.398333000000001,-78.286944000000005,Truncated Network,1.000000000000000,1.000000000000000,1.000000000000000,4250-1,-78.286472919000005,41.398267146999999
,"907,305",1.289600000000000,0.000000004165001,4252-1,41.420000000000002,-77.543333000000004,Truncated Network,1.000000000000000,1.000000000000000,1.000000000000000,4252-1,-77.543181676000003,41.420063089000003
,"907,674",0.649178240001000,0.000000002475024,4253-1,41.429443999999997,-77.732777999999996,Truncated Network,1.000000000000000,1.000000000000000,1.000000000000000,4253-1,-77.732467486000004,41.429599113000002
,"908,613",2.558500000000000,0.000000003725290,4253-2,41.410832999999997,-77.717222000000007,Truncated Network,1.000000000000000,1.000000000000000,1.000000000000000,4253-2,-77.716612612999995,41.410811416999998
,"903,277",0.799700000003000,0.000000003725290,4257-2,41.388610999999997,-76.677222000000000,Truncated Network,1.000000000000000,1.000000000000000,1.000000000000000,4257-2,-76.676821309000005,41.388587184000002
,"902,447",0.141069266665000,0.000000000658545,4262-2,41.464543660399997,-77.016733320800000,Truncated Network,1.000000000000000,1.000000000000000,1.000000000000000,4262-2,-77.016321758000004,41.464745833999999
,"903,746",0.621819800003000,-0.000000003725290,4262-3,41.439190947699998,-77.019443999999993,Truncated Network,1.000000000000000,1.000000000000000,1.000000000000000,4262-3,-77.019074279999998,41.439135499999999
,"910,120",1.204233333330000,-0.000000001678966,4264-1,41.417956714299997,-78.069345071399994,Truncated Network,1.000000000000000,1.000000000000000,1.000000000000000,4264-1,-78.069034564999995,41.418060591000000
,"910,120",4.535338904000000,-0.000000000658545,4264-2,41.416111000000001,-78.045833000000002,Truncated Network,1.000000000000000,1.000000000000000,1.000000000000000,4264-2,-78.045902468999998,41.416186826000001
,"910,312",4.705628400000000,0.000000000000000,4265-1,41.436943999999997,-78.263333000000003,Truncated Network,1.000000000000000,1.000000000000000,1.000000000000000,4265-1,-78.263333212999996,41.436943161999999
,"925,522",1.025800000000000,0.000000001862645,4357-1,40.972499999999997,-78.006111000000004,Truncated Network,1.000000000000000,1.000000000000000,1.000000000000000,4357-1,-78.006031539999995,40.972583896000003
,"924,582",0.002621099999150,0.000000003725290,4357-2,40.994687999999996,-78.002100999999996,Truncated Network,1.000000000000000,1.000000000000000,1.000000000000000,4357-2,-78.002175003999994,40.994698571000001
,"908,879",1.010708900000000,0.000000000000000,4362-2,41.380277999999997,-77.594722000000004,Truncated Network,1.000000000000000,1.000000000000000,1.000000000000000,4362-2,-77.594627743000004,41.380264293000003
,"911,791",0.064924800003700,0.000000000000000,4363-2,41.401234000000002,-78.317819959999994,Truncated Network,1.000000000000000,1.000000000000000,1.000000000000000,4363-2,-78.317763830999994,41.401455022999997
,"903,276",3.652457700000000,0.000000001877141,4431-1,41.518078000000003,-77.439267000000001,Truncated Network,1.000000000000000,1.000000000000000,1.000000000000000,4431-1,-77.439290596999996,41.517989718000003
,"916,721",0.127804617333000,0.000070710887273,4498-1,41.190832999999998,-77.780833000000001,Truncated Network,1.000000000000000,1.000000000000000,1.000000000000000,4498-1,-77.780489748999997,41.191005199000003
,"902,078",1.302740600000000,-0.000000001877141,4917-1,41.582234000000000,-77.785550000000001,Truncated Network,1.000000000000000,1.000000000000000,1.000000000000000,4917-1,-77.785511804999999,41.582379553999999
,"913,070",0.236018199995000,0.000000000000000,5314-1,41.180920000000000,-77.044420000000002,Truncated Network,1.000000000000000,1.000000000000000,1.000000000000000,5314-1,-77.044506123999994,41.180932943000002
,"917,432",0.003453904001240,0.000000002634178,5361-1,41.113407000000002,-77.420540000000003,Truncated Network,1.000000000000000,1.000000000000000,1.000000000000000,5361-1,-77.420566024999999,41.113394036999999
,"931,257",0.471522200000000,0.000000000000000,5413-1,40.895555999999999,-78.658889000000002,Truncated Network,1.000000000000000,1.000000000000000,1.000000000000000,5413-1,-78.659198599000007,40.895598632000002
,"911,778",1.358187299990000,0.000000000000000,5884-2,41.223089999999999,-77.038489999999996,Truncated Network,1.000000000000000,1.000000000000000,1.000000000000000,5884-2,-77.038552903999999,41.223099451000003
,"910,041",1.570171200000000,0.000000000000000,6061-1,41.396110999999998,-77.940556000000001,Truncated Network,1.000000000000000,1.000000000000000,1.000000000000000,6061-1,-77.940518143999995,41.396256891000000
,"903,236",1.072415699990000,-0.000000003725290,6080-2,41.609166999999999,-78.186389000000005,Truncated Network,1.000000000000000,1.000000000000000,1.000000000000000,6080-2,-78.186164371000004,41.609135504000001
,"898,759",0.336981599994000,0.000000000000000,6095-2,41.592778000000003,-77.284999999999997,Truncated Network,1.000000000000000,1.000000000000000,1.000000000000000,6095-2,-77.284973402999995,41.592876562999997
,"914,322",0.081597999994600,0.000000000000000,6178-2,41.143332999999998,-76.983889000000005,Truncated Network,1.000000000000000,1.000000000000000,1.000000000000000,6178-2,-76.983881186999994,41.143361655000000
,"933,542",0.617857500003000,0.000000003725290,6192-1,40.782221999999997,-78.316389000000001,Truncated Network,1.000000000000000,1.000000000000000,1.000000000000000,6192-1,-78.316406839999999,40.782224509999999
,"933,376",1.145421145250000,-0.000070710064092,6192-2,40.790005808499998,-78.328670446800004,Truncated Network,1.000000000000000,1.000000000000000,1.000000000000000,6192-2,-78.328827180999994,40.789925773000000
,"906,139",0.277373542664000,0.000070712698270,6220-2,41.516111000000002,-78.056111000000001,Truncated Network,1.000000000000000,1.000000000000000,1.000000000000000,6220-2,-78.055995694000003,41.516168958000002
,"919,083",2.732900000000000,0.000000004165001,6226-1,41.046333400000002,-77.179166800000004,Truncated Network,1.000000000000000,1.000000000000000,1.000000000000000,6226-1,-77.179006122999994,41.046377411000002
,"919,889",0.442936000005000,0.000000000000000,6226-11,41.054495899999999,-77.461539642899993,Truncated Network,1.000000000000000,1.000000000000000,1.000000000000000,6226-11,-77.461153741999993,41.054439119000001
,"919,286",1.117527800000000,0.000000000000000,6226-12,41.071619352299997,-77.472572659099995,Truncated Network,1.000000000000000,1.000000000000000,1.000000000000000,6226-12,-77.472375937999999,41.071590430999997
,"918,645",0.345873052328000,-0.000000000232831,6226-13,41.089722000000002,-77.470832999999999,Truncated Network,1.000000000000000,1.000000000000000,1.000000000000000,6226-13,-77.470710814000000,41.089782948000000
,"918,434",0.784299999999000,0.000000004165001,6226-14,41.100849705900004,-77.482437764699995,Truncated Network,1.000000000000000,1.000000000000000,1.000000000000000,6226-14,-77.482716046999997,41.100391465999998
,"918,434",3.491010100000000,-0.000000003725290,6226-15,41.118917000000003,-77.484330999999997,Truncated Network,1.000000000000000,1.000000000000000,1.000000000000000,6226-15,-77.484328413000000,41.118926752000000
,"920,844",0.042433333330100,-0.000000002634178,6226-4,41.014238580200001,-77.358168740699995,Truncated Network,1.000000000000000,1.000000000000000,1.000000000000000,6226-4,-77.357808488000003,41.014233994000001
,"921,997",5.285406722660000,0.000000002634178,6226-6,40.988519716399999,-77.444133253700002,Truncated Network,1.000000000000000,1.000000000000000,1.000000000000000,6226-6,-77.444130431999994,40.988516576000002
,"922,507",0.831026403998000,0.000070711216545,6226-7,40.979166999999997,-77.486183873800002,Truncated Network,1.000000000000000,1.000000000000000,1.000000000000000,6226-7,-77.486168923999998,40.979150378000000
,"922,505",0.659892415999000,-0.000000001975634,6226-8,40.987349999999999,-77.502250000000004,Truncated Network,1.000000000000000,1.000000000000000,1.000000000000000,6226-8,-77.502223712000003,40.987320783000001
,"922,511",0.475054900003000,0.000000003725290,6226-9,40.985470464899997,-77.519457932700007,Truncated Network,1.000000000000000,1.000000000000000,1.000000000000000,6226-9,-77.519021080000002,40.985406333999997
,"898,093",3.204299300000000,0.000000000000000,6239-2,41.515555999999997,-76.622777999999997,Truncated Network,1.000000000000000,1.000000000000000,1.000000000000000,6239-2,-76.622240533999999,41.515473745000001
,"918,862",1.161100200000000,0.000000000000000,6241-2,41.142778000000000,-77.835832999999994,Truncated Network,1.000000000000000,1.000000000000000,1.000000000000000,6241-2,-77.835962867000006,41.142796691000001
,"920,920",0.626298599994000,0.000000001862645,6246-3,41.129167000000002,-78.177778000000004,Truncated Network,1.000000000000000,1.000000000000000,1.000000000000000,6246-3,-78.177754272000001,41.129260019000000
,"896,436",4.445100000000000,0.000000000000000,6392-1,41.716195217399999,-77.704887826100006,Truncated Network,1.000000000000000,1.000000000000000,1.000000000000000,6392-1,-77.704795290999996,41.716346305999998
,"896,436",3.865076999990000,0.000000000000000,6393-1,41.719790000000003,-77.708269999999999,Truncated Network,1.000000000000000,1.000000000000000,1.000000000000000,6393-1,-77.708254526000005,41.719848611000003
,"917,691",1.096915126890000,-0.000000000232831,6453-2,41.086570369599997,-77.235933934800002,Truncated Network,1.000000000000000,1.000000000000000,1.000000000000000,6453-2,-77.235850593999999,41.086477307999999
,"907,578",0.323948999995000,0.000000000000000,6896-1,41.252538000000001,-76.531181000000004,Truncated Network,1.000000000000000,1.000000000000000,1.000000000000000,6896-1,-76.531457720000006,41.252580703000000
,"920,324",1.072000400000000,0.000000000000000,6956-1,40.987569999999998,-77.113169999999997,Truncated Network,1.000000000000000,1.000000000000000,1.000000000000000,6956-1,-77.113162583999994,40.987597444999999
,"920,381",1.445433800000000,-0.000000003725290,6957-1,40.987659999999998,-77.125619999999998,Truncated Network,1.000000000000000,1.000000000000000,1.000000000000000,6957-1,-77.125523580000007,40.987645536000002
,"900,167",1.249721544000000,-0.000000000232831,7118-1,41.459240000000001,-76.579070000000002,Truncated Network,1.000000000000000,1.000000000000000,1.000000000000000,7118-1,-76.579105806000001,41.459222584999999
,"920,358",4.580473500000000,0.000000000000000,7309-1,41.011966999999999,-77.212661999999995,Truncated Network,1.000000000000000,1.000000000000000,1.000000000000000,7309-1,-77.212639308999997,41.012051405999998
,"919,662",0.302583399996000,0.000000003725290,8188-1,41.059860000000000,-77.472189999999998,Truncated Network,1.000000000000000,1.000000000000000,1.000000000000000,8188-1,-77.472185941999996,41.059859402999997
,"914,229",2.575922600000000,0.000000000000000,87-1,41.188768000000003,-77.240993000000003,Truncated Network,1.000000000000000,1.000000000000000,1.000000000000000,87-1,-77.240935453000006,41.188759445000002
,"919,201",1.983601300000000,0.000000000000000,877-1,41.228904444400001,-78.474434444400003,Truncated Network,1.000000000000000,1.000000000000000,1.000000000000000,877-1,-78.474408053000005,41.228900785999997
,"916,169",3.344076712000000,0.000000000232831,93-1,41.209167000000001,-77.769722000000002,Truncated Network,1.000000000000000,1.000000000000000,1.000000000000000,93-1,-77.769715787999999,41.209160159000000
,"907,227",1.462728299990000,0.000000001862645,99-1,41.257778000000002,-76.502499999999998,Truncated Network,1.000000000000000,1.000000000000000,1.000000000000000,99-1,-76.502495702999994,41.257793335999999
,"908,131",0.072400000004600,0.000000000000000,99-2,41.243369739099997,-76.561847826100006,Truncated Network,1.000000000000000,1.000000000000000,1.000000000000000,99-2,-76.561530356999995,41.242544099000000